1,2,3,4,5,6,7,8,9,10,11,12,13,14,15,16,17,18,19,20,21,22,23,24,25,26,27,28,29,30,31,32,33,34,35,36,37,38,39,40,41,42,43,44,45,46,47,48,49,50,51,52,53,54,55,56,57,58,59,60,61,62,63,64,65,66,67,68,69
1,0.0,0.0223463687151,-0.00542495479204,-0.0,0.0282258064516,-0.041095890411,-0.00613496932515,0.00140131508031,0.0283018867925,0.014409221902,0.0196078431373,0.0268292682927,0.030303030303,0.0193548387097,0.0220820189274,0.00982052150356,0.0025279123657,0.00477351208613,-0.0105263157895,0.0210843373494,0.00709219858156,0.0188679245283,0.0377358490566,0.00581395348837,0.0,0.00276406712734,0.0566037735849,0.00508857896721,-0.00970873786408,0.00359463898874,0.014367816092,0.00376175548589,0.00259942812581,0.0220264317181,0.0117554858934,-0.0654205607477,0.157894736842,-0.0104166666667,0.00442477876106,-0.02,0.00920245398773,0.010989010989,0.0189125295508,0.0018691588785,0.0,0.00431711145997,0.00716332378223,0.00885906040268,0.0391459074733,-0.666666666667,0.0614035087719,0.00638026371757,0.00803212851406,0.0952380952381,0.0120585701981,-0.0112,0.00817661488144,0.00509779442364,0.00966183574879,-0.00515463917526,0.015503875969,0.0254237288136,0.0248447204969,-0.0,0.0110192837466,-0.0,0.119047619048,0.00489130434783,0.00900900900901
2,-0.0448430493274,-0.0,-0.0235081374322,0.0550458715596,-0.108870967742,-0.0479452054795,0.021472392638,0.000431173870863,0.0377358490566,0.028818443804,0.0245098039216,-0.019512195122,0.00606060606061,0.0354838709677,0.0347003154574,-0.00270910938029,-0.0025279123657,-0.000203128173878,0.0421052631579,0.0210843373494,0.0354609929078,0.0754716981132,-0.0330188679245,-0.00678294573643,-0.0167427701674,-0.00138203356367,0.264150943396,-0.00034552079407,0.106796116505,0.000380888899469,0.0258620689655,-0.00940438871473,-0.00389914218872,0.0308370044053,-0.00783699059561,-0.177570093458,0.157894736842,0.0833333333333,0.0398230088496,-0.14,0.0184049079755,0.043956043956,0.0307328605201,-0.000109950522265,-0.00247678018576,-0.000784929356358,-0.00931232091691,-0.00429530201342,0.0391459074733,-1.5,0.0350877192982,-0.00127605274351,0.0281124497992,0.0634920634921,-0.00430663221361,-0.008,-0.00327064595258,-0.000728256346234,0.0531400966184,0.0309278350515,0.0180878552972,0.0338983050847,0.0434782608696,0.0205128205128,0.0192837465565,0.0473372781065,-0.0952380952381,-0.00597826086957,0.0855855855856
3,-0.0269058295964,0.0251396648045,0.0,-0.0,-0.0846774193548,0.013698630137,0.0122699386503,0.0151988789479,0.0471698113208,0.00864553314121,-0.0,-0.00487804878049,0.00606060606061,0.0161290322581,0.0410094637224,0.00203183203522,-0.00337054982094,0.0196018687792,0.0947368421053,0.0150602409639,0.0496453900709,-0.0188679245283,-0.0566037735849,-0.00678294573643,0.027397260274,0.000592300098717,0.264150943396,0.00433471541651,0.126213592233,0.0134263337063,0.0373563218391,-0.00501567398119,-0.00155965687549,0.0220264317181,-0.00548589341693,-0.0373831775701,0.0526315789474,-0.0416666666667,-0.0221238938053,-0.12,0.0276073619632,-0.021978021978,0.016548463357,0.0108851017042,0.00681114551084,0.00470957613815,0.0508595988539,-0.00510067114094,0.0355871886121,0.833333333333,0.0175438596491,0.048064653339,0.0401606425703,-0.0793650793651,0.00301464254953,0.1472,0.0494685200327,0.00098834789846,0.024154589372,-0.0309278350515,0.0180878552972,0.0169491525424,-0.00621118012422,0.0205128205128,0.0110192837466,0.0118343195266,-0.119047619048,-0.0135869565217,0.045045045045
4,-0.0313901345291,0.0195530726257,-0.0253164556962,-0.0,-0.0241935483871,-0.0684931506849,0.021472392638,-0.000431173870863,0.0283018867925,0.0201729106628,0.0392156862745,-0.0121951219512,0.0,0.0193548387097,0.0252365930599,-0.00304774805283,-0.00189593427428,-0.00162502539102,0.0421052631579,0.0150602409639,0.0354609929078,0.0943396226415,-0.0141509433962,-0.00872093023256,-0.0076103500761,-0.000592300098717,0.11320754717,-0.000565397663023,0.0679611650485,-0.000547527792987,0.0287356321839,-0.00313479623824,-0.00207954250065,0.0396475770925,-0.00548589341693,-0.0747663551402,0.131578947368,0.0625,0.0265486725664,-0.1,0.021472392638,0.0659340659341,0.0118203309693,-0.00153930731171,-0.0015479876161,-0.00117739403454,-0.0114613180516,-0.00456375838926,0.0249110320285,-1.33333333333,0.0438596491228,-0.00297745640153,0.0200803212851,0.0793650793651,-0.00387596899225,-0.0048,-0.00572363041701,-0.000676238035789,0.024154589372,0.0257731958763,0.0206718346253,0.0296610169492,0.0434782608696,0.0153846153846,0.0165289256198,0.0414201183432,-0.166666666667,-0.00434782608696,0.0315315315315
5,0.00448430493274,0.0754189944134,-0.0470162748644,0.0183486238532,0.0,-0.0342465753425,0.0122699386503,-0.00172469548345,0.0283018867925,0.0201729106628,0.0294117647059,-0.0170731707317,0.030303030303,0.0354838709677,0.0378548895899,0.00440230274297,0.00547714345903,-0.00101564086939,0.0842105263158,0.0210843373494,0.0425531914894,0.0754716981132,-0.0259433962264,0.0184108527132,-0.00608828006088,0.0071076011846,0.339622641509,0.00468023621058,0.194174757282,0.0058085557169,0.0172413793103,-0.0169278996865,0.0265141668833,0.0264317180617,-0.00705329153605,-0.168224299065,0.157894736842,0.0625,0.0398230088496,-0.18,0.0153374233129,-0.010989010989,0.0330969267139,-0.00120945574491,-0.000928792569659,0.00412087912088,-0.0100286532951,0.00805369127517,0.0498220640569,-0.666666666667,0.0350877192982,0.00212675457252,0.0441767068273,0.047619047619,-0.00344530577089,-0.0064,-0.00490596892886,0.00379733666251,0.0338164251208,0.0463917525773,0.015503875969,0.021186440678,0.0434782608696,0.0307692307692,0.0192837465565,0.0295857988166,-0.0238095238095,-0.00217391304348,-0.202702702703
6,-0.0538116591928,0.0139664804469,-0.0415913200723,0.0183486238532,-0.0403225806452,0.0,0.0153374233129,0.00344939096691,0.0188679245283,0.0547550432277,0.0245098039216,-0.0268292682927,0.0,0.0161290322581,0.0157728706625,-0.00270910938029,-0.0048451653676,0.000812512695511,0.0894736842105,0.0271084337349,0.0567375886525,0.0566037735849,-0.0330188679245,-0.015503875969,-0.0197869101979,-0.00493583415597,0.188679245283,-0.000282698831511,0.291262135922,-0.000928416692456,0.0229885057471,-0.00940438871473,0.00701845593969,0.0176211453744,-0.00940438871473,-0.205607476636,0.184210526316,0.145833333333,0.0486725663717,-0.14,0.021472392638,0.0549450549451,0.0212765957447,-0.00065970313359,-0.00216718266254,-0.00215855572998,0.00143266475645,-0.00563758389262,0.0284697508897,-2.0,-0.0,0.0114844746916,0.0321285140562,0.015873015873,-0.00602928509905,-0.0304,0.00163532297629,-0.00156054931336,0.0338164251208,0.020618556701,0.015503875969,0.0296610169492,0.0434782608696,0.0102564102564,0.0247933884298,0.0295857988166,-0.142857142857,-0.00380434782609,0.0225225225225
7,-0.0313901345291,0.0279329608939,-0.0307414104882,0.0642201834862,-0.0403225806452,-0.0821917808219,-0.0,-0.00150910854802,0.0849056603774,0.0345821325648,0.0343137254902,-0.0219512195122,0.0,0.0161290322581,0.0347003154574,-0.00474094141551,-0.0023172530019,-0.00152346130408,0.0947368421053,0.0240963855422,0.0212765957447,0.0943396226415,-0.0377358490566,-0.0145348837209,-0.0121765601218,-0.00177690029615,0.188679245283,-0.000408342756628,0.145631067961,-0.000547527792987,0.0459770114943,-0.000626959247649,-0.00207954250065,0.0308370044053,-0.00548589341693,-0.102803738318,0.263157894737,0.104166666667,0.0575221238938,-0.06,0.0460122699387,0.0549450549451,0.0330969267139,-0.00120945574491,-0.0046439628483,-0.00510204081633,-0.0107449856734,-0.0048322147651,0.0249110320285,-3.0,0.0350877192982,-0.00382815823054,0.0200803212851,0.0793650793651,-0.00602928509905,-0.0208,-0.00654129190515,-0.00135247607158,0.0386473429952,0.0567010309278,0.0284237726098,0.0381355932203,0.0745341614907,0.0666666666667,0.030303030303,0.0532544378698,-0.190476190476,-0.0054347826087,0.0315315315315
8,0.0403587443946,0.0307262569832,-0.0379746835443,0.0366972477064,-0.125,-0.0547945205479,0.0245398773006,0.0,-0.0188679245283,0.0489913544669,0.117647058824,0.0170731707317,0.0,0.0354838709677,0.00315457413249,0.00846596681341,-0.0168527491047,0.0262035344302,0.1,0.0240963855422,0.0354609929078,0.207547169811,-0.0141509433962,-0.0135658914729,0.00304414003044,-0.0205330700888,0.264150943396,0.00568538761151,0.165048543689,0.0216154450449,0.014367816092,-0.023197492163,0.0109175981284,0.0308370044053,0.00940438871473,0.11214953271,-0.0526315789474,-0.135416666667,-0.0884955752212,-0.26,-0.0,0.021978021978,0.016548463357,0.0183617372183,0.0015479876161,0.00490580847724,-0.0386819484241,-0.0061744966443,0.0498220640569,-2.33333333333,0.0350877192982,0.0336027222459,0.0441767068273,0.047619047619,-0.0150732127476,-0.024,-0.0269828291087,0.0148252184769,0.0772946859903,-0.0154639175258,0.0103359173127,0.00847457627119,0.055900621118,0.0410256410256,0.0137741046832,0.0236686390533,0.047619047619,-0.00326086956522,0.027027027027
9,-0.0358744394619,0.0139664804469,-0.0144665461121,0.0366972477064,-0.0403225806452,-0.0684931506849,0.0276073619632,-0.00129352161259,-0.0,0.0172910662824,0.0196078431373,-0.0243902439024,0.0121212121212,0.0161290322581,0.0157728706625,-0.00677277345073,-0.00273857172951,-0.00162502539102,0.0578947368421,0.0150602409639,0.0496453900709,0.0754716981132,-0.0117924528302,-0.0203488372093,-0.0121765601218,-0.00236920039487,0.11320754717,-0.000471164719186,0.0970873786408,-0.000714166686505,0.0201149425287,-0.00501567398119,-0.00337925656356,0.0176211453744,-0.00235109717868,-0.11214953271,0.157894736842,0.0520833333333,0.0221238938053,-0.1,0.0276073619632,0.0769230769231,0.0189125295508,-0.00120945574491,-0.00340557275542,-0.000981161695447,-0.0100286532951,-0.00429530201342,0.0213523131673,-1.16666666667,0.0175438596491,-0.00595491280306,0.0361445783133,0.0634920634921,-0.00559862187769,-0.0096,-0.00449713818479,-0.000936329588015,0.024154589372,0.0360824742268,0.0103359173127,0.0338983050847,0.0248447204969,0.0410256410256,0.0165289256198,0.0473372781065,-0.190476190476,-0.00380434782609,0.027027027027
10,-0.0493273542601,0.0279329608939,-0.0198915009042,0.0550458715596,-0.0322580645161,-0.00684931506849,0.0276073619632,0.0,0.0283018867925,-0.0,0.00490196078431,-0.0146341463415,0.0,0.0193548387097,0.0504731861199,-0.00541821876058,-0.00210659363809,0.000203128173878,0.0578947368421,0.0210843373494,0.0496453900709,0.0754716981132,-0.0306603773585,-0.0135658914729,-0.00913242009132,-0.00276406712734,0.188679245283,-0.000282698831511,0.145631067961,-0.000166638893518,0.0316091954023,-0.00626959247649,-0.00155965687549,0.0308370044053,-0.00705329153605,-0.102803738318,0.236842105263,0.104166666667,0.0663716814159,-0.08,0.0245398773006,0.032967032967,0.0189125295508,-0.00120945574491,-0.00278637770898,-0.00117739403454,-0.00787965616046,-0.0048322147651,0.0284697508897,-2.0,0.0263157894737,0.00382815823054,0.0200803212851,0.0793650793651,-0.00602928509905,0.008,-0.00490596892886,-0.00109238451935,0.0338164251208,0.0360824742268,0.0206718346253,0.0550847457627,0.0745341614907,0.0205128205128,0.0165289256198,0.0355029585799,-0.119047619048,-0.00923913043478,0.0315315315315
11,-0.0269058295964,0.0167597765363,-0.0235081374322,0.0642201834862,-0.0322580645161,-0.0547945205479,0.0245398773006,-0.000538967338579,0.0377358490566,0.0172910662824,-0.0,-0.0146341463415,0.0,0.0193548387097,0.0283911671924,-0.00270910938029,-0.00168527491047,-0.000304692260817,0.0473684210526,0.0210843373494,0.0425531914894,0.11320754717,-0.0259433962264,-0.00968992248062,-0.0076103500761,-0.000987166831194,0.11320754717,-0.000219876868953,0.0776699029126,-4.76111124336e-05,0.0287356321839,-0.00438871473354,-0.00233948531323,0.0264317180617,-0.00548589341693,-0.0841121495327,0.157894736842,0.09375,0.0353982300885,-0.08,0.0245398773006,0.0659340659341,0.0212765957447,-0.00142935678944,-0.00340557275542,-0.00196232339089,-0.00787965616046,-0.00241610738255,0.0320284697509,-1.33333333333,0.0438596491228,-0.00212675457252,0.0240963855422,0.0793650793651,-0.00430663221361,-0.0128,-0.00531479967294,-0.000468164794007,0.0289855072464,0.0360824742268,0.0232558139535,0.0296610169492,0.0372670807453,0.0307692307692,0.0192837465565,0.0355029585799,-0.166666666667,-0.00434782608696,0.027027027027
12,0.0538116591928,0.00837988826816,-0.0108499095841,-0.0,-0.0322580645161,-0.0342465753425,0.0184049079755,0.00129352161259,0.0283018867925,0.0115273775216,0.0147058823529,0.0,0.00606060606061,0.0161290322581,0.00630914826498,0.000338638672536,0.000210659363809,0.00446881982531,0.0368421052632,-0.0,0.0354609929078,-0.0,-0.0212264150943,-0.00968992248062,0.0319634703196,0.000789733464956,-0.0566037735849,0.00323533107174,0.106796116505,0.00271383340872,0.0402298850575,0.00689655172414,0.000779828437744,0.00881057268722,-0.00156739811912,0.0373831775701,-0.0,0.0520833333333,0.0309734513274,-0.02,0.0184049079755,0.021978021978,0.016548463357,0.00263881253436,0.00030959752322,0.00255102040816,0.0293696275072,0.00375838926174,0.00711743772242,4.5,0.00877192982456,0.0,0.0120481927711,-0.174603174603,0.00430663221361,-0.008,0.00122649223222,0.00364128173117,0.00966183574879,-0.0,0.0258397932817,-0.0127118644068,-0.0683229813665,-0.0,0.00275482093664,0.0177514792899,-0.166666666667,0.00054347826087,0.0225225225225
13,0.0269058295964,-0.00558659217877,0.0108499095841,-0.0183486238532,0.0322580645161,0.027397260274,-0.00613496932515,0.00194028241889,-0.0377358490566,-0.0115273775216,-0.0,0.00487804878049,0.0,-0.0,-0.00315457413249,0.00270910938029,0.00294923109332,0.00203128173878,-0.0105263157895,-0.00602409638554,-0.0283687943262,-0.0377358490566,0.0188679245283,0.00484496124031,0.00304414003044,0.00236920039487,-0.0754716981132,0.00182183691419,-0.0194174757282,0.00166638893518,-0.0,0.00376175548589,0.00545879906421,-0.00881057268722,0.00470219435737,0.018691588785,-0.105263157895,-0.0,-0.00884955752212,0.04,-0.0122699386503,-0.021978021978,-0.00472813238771,0.00142935678944,0.00247678018576,0.000784929356358,0.00143266475645,0.00295302013423,-0.0,0.333333333333,-0.0,0.00297745640153,-0.00803212851406,-0.031746031746,0.00344530577089,0.0064,0.00327064595258,0.00202871410737,-0.00966183574879,-0.020618556701,-0.0,-0.0254237288136,-0.0124223602484,-0.0102564102564,-0.0,-0.0118343195266,0.142857142857,0.00434782608696,-0.00900900900901
14,-0.0403587443946,0.0279329608939,-0.0144665461121,0.045871559633,-0.0403225806452,-0.0616438356164,0.0153374233129,-0.00107793467716,0.0377358490566,0.0201729106628,0.0245098039216,-0.0170731707317,0.0,-0.0,0.018927444795,-0.00338638672536,-0.00105329681904,-0.00142189721714,0.0368421052632,0.0240963855422,0.063829787234,0.0943396226415,-0.0165094339623,-0.00581395348837,-0.0182648401826,-0.00177690029615,0.207547169811,-0.000596808644302,0.0970873786408,-0.000690361130288,0.0172413793103,-0.0112852664577,-0.00571874187679,0.0220264317181,-0.00548589341693,-0.14953271028,0.105263157895,0.09375,0.0486725663717,-0.12,0.0184049079755,0.0659340659341,0.016548463357,-0.000769653655855,-0.0030959752322,-0.000784929356358,-0.00931232091691,-0.00241610738255,0.0249110320285,-1.16666666667,0.0263157894737,-0.00382815823054,0.0240963855422,0.0793650793651,-0.00387596899225,-0.0176,-0.00204415372036,-0.00124843945069,0.048309178744,0.0309278350515,0.0103359173127,0.0466101694915,0.0496894409938,0.025641025641,0.0192837465565,0.0295857988166,-0.0952380952381,-0.0054347826087,0.045045045045
15,-0.0179372197309,0.0139664804469,-0.0198915009042,-0.0,-0.0201612903226,-0.013698630137,0.00920245398773,0.000107793467716,-0.0283018867925,0.0259365994236,0.00980392156863,-0.00731707317073,0.00606060606061,-0.0,-0.0,-0.00304774805283,0.000421318727617,-0.00101564086939,0.0315789473684,0.00301204819277,0.0354609929078,-0.0188679245283,0.0,-0.0135658914729,0.00304414003044,-0.000197433366239,-0.0,0.000282698831511,0.0679611650485,0.000714166686505,0.00287356321839,-0.0012539184953,-0.00103977125032,0.00881057268722,-0.00235109717868,-0.0560747663551,0.0526315789474,-0.0208333333333,0.0176991150442,0.0,0.0153374233129,-0.010989010989,0.00945626477541,-0.00109950522265,-0.00185758513932,0.000784929356358,-0.00429799426934,-0.00510067114094,0.0284697508897,-0.666666666667,0.0350877192982,-0.000425350914504,-0.00401606425703,-0.015873015873,-0.00559862187769,0.0048,-0.00245298446443,-0.000208073241781,-0.0,0.0103092783505,0.0077519379845,0.0296610169492,0.0372670807453,-0.00512820512821,0.00275482093664,0.00591715976331,-0.0238095238095,-0.00163043478261,0.0135135135135
16,-0.0313901345291,0.00837988826816,-0.0470162748644,0.00917431192661,0.00806451612903,-0.013698630137,-0.0,-0.00140131508031,-0.0377358490566,0.00864553314121,0.0147058823529,0.00975609756098,0.00606060606061,0.0161290322581,0.0220820189274,0.0,0.0109542869181,-0.00517976843388,0.0157894736842,0.00903614457831,-0.0212765957447,0.0754716981132,-0.0188679245283,0.0484496124031,-0.0076103500761,0.00631786771964,0.11320754717,0.00204171378314,0.0582524271845,0.000618944461637,0.0373563218391,0.00313479623824,0.00389914218872,0.00440528634361,0.00156739811912,0.018691588785,0.184210526316,0.0208333333333,0.0575221238938,-0.12,0.0153374233129,0.0659340659341,0.00709219858156,-0.00505772402419,-0.00866873065015,-0.0162872841444,-0.0171919770774,-0.00348993288591,0.0213523131673,-1.16666666667,0.0350877192982,-0.00340280731604,0.0160642570281,0.0793650793651,-0.0103359173127,-0.0064,-0.0220768601799,0.0065543071161,0.0193236714976,0.0154639175258,0.0387596899225,0.0296610169492,0.00621118012422,0.025641025641,0.0137741046832,-0.00591715976331,0.166666666667,-0.00923913043478,0.0045045045045
17,-0.0313901345291,0.0223463687151,-0.0325497287523,0.045871559633,0.0201612903226,-0.0616438356164,0.021472392638,-0.00905465128813,0.0660377358491,0.0259365994236,0.0245098039216,0.00243902439024,0.00606060606061,0.0193548387097,0.00630914826498,-0.00982052150356,0.0,-0.00609384521633,0.0157894736842,0.0271084337349,0.063829787234,0.169811320755,-0.0235849056604,-0.0242248062016,-0.013698630137,0.00217176702863,0.0566037735849,-0.00147631612012,0.116504854369,-0.0100221391673,0.0114942528736,-0.0100313479624,-0.00779828437744,0.0176211453744,0.00548589341693,-0.158878504673,-0.0526315789474,0.0520833333333,0.0221238938053,-0.26,0.00920245398773,0.0659340659341,0.00945626477541,-0.0087960417812,-0.00712074303406,-0.00412087912088,-0.0121776504298,-0.00187919463087,0.0355871886121,-1.83333333333,0.0350877192982,-0.00850701829009,0.0522088353414,0.047619047619,-0.0077519379845,-0.0112,-0.00817661488144,-0.00244486059093,0.0193236714976,0.020618556701,0.00516795865633,0.0169491525424,0.0124223602484,0.0153846153846,0.00826446280992,0.0177514792899,-0.214285714286,-0.00108695652174,0.0225225225225
18,0.179372197309,-0.0167597765363,0.320072332731,-0.100917431193,0.112903225806,0.595890410959,-0.0122699386503,0.111566239086,-0.150943396226,-0.0345821325648,-0.0637254901961,0.170731707317,0.0666666666667,-0.0,-0.0252365930599,0.0880460548595,0.0179060459237,0.0,-0.0263157894737,0.00301204819277,-0.0851063829787,-0.169811320755,0.108490566038,0.125,0.179604261796,0.0300098716683,-0.22641509434,0.0642668676969,-0.31067961165,0.107363058538,-0.0344827586207,0.071473354232,0.106056667533,-0.00881057268722,0.0415360501567,0.859813084112,-0.342105263158,-0.364583333333,-0.150442477876,0.0,-0.00920245398773,-0.120879120879,-0.0118203309693,0.120945574491,0.0820433436533,0.0863422291994,0.126074498567,0.0585234899329,-0.0213523131673,7.0,-0.0,0.168013611229,0.00401606425703,-0.0952380952381,0.136520241171,0.1968,0.285772690106,0.0752704952143,-0.0386473429952,-0.113402061856,-0.0,-0.0593220338983,-0.0993788819876,-0.0153846153846,-0.0137741046832,-0.0236686390533,0.547619047619,0.066847826087,-0.0045045045045
19,-0.0224215246637,0.0139664804469,-0.0397830018083,0.045871559633,-0.0604838709677,-0.0616438356164,0.0306748466258,-0.00129352161259,0.00943396226415,0.014409221902,0.0196078431373,-0.0365853658537,0.00606060606061,0.0129032258065,0.0283911671924,-0.00237047070775,-0.000210659363809,-0.00152346130408,-0.0,0.0210843373494,0.0709219858156,0.0754716981132,-0.0235849056604,-0.0135658914729,-0.00152207001522,-0.000789733464956,0.22641509434,0.00100515140093,0.174757281553,0.00223772228438,0.0316091954023,-0.000626959247649,-0.00233948531323,0.0264317180617,-0.00470219435737,-0.18691588785,0.0526315789474,0.0104166666667,0.0353982300885,-0.06,0.0368098159509,0.032967032967,0.0236406619385,0.00131940626718,0.00185758513932,-0.00137362637363,-0.00501432664756,-0.00268456375839,0.0106761565836,-1.16666666667,0.0263157894737,-0.00212675457252,0.0200803212851,0.047619047619,-0.00689061154177,-0.0192,-0.00858544562551,0.000780274656679,0.024154589372,0.0567010309278,0.0206718346253,0.021186440678,0.0310559006211,0.0410256410256,0.0110192837466,0.0532544378698,-0.214285714286,-0.0054347826087,0.0315315315315
20,-0.0582959641256,0.0195530726257,-0.0144665461121,0.0366972477064,-0.0483870967742,-0.0684931506849,0.021472392638,-0.000754554274011,0.0471698113208,0.0259365994236,0.0294117647059,-0.0146341463415,0.00606060606061,0.0258064516129,0.0410094637224,-0.00270910938029,-0.00189593427428,-0.00091407678245,0.0578947368421,-0.0,0.0425531914894,0.0754716981132,-0.0188679245283,-0.00872093023256,-0.0167427701674,-0.00256663376111,0.22641509434,-0.000219876868953,0.0873786407767,9.52222248673e-05,0.014367816092,-0.00438871473354,-0.00181959968807,0.0308370044053,-0.00470219435737,-0.140186915888,0.236842105263,0.125,0.0486725663717,-0.14,0.0184049079755,0.043956043956,0.016548463357,-0.00120945574491,-0.00185758513932,-0.00156985871272,-0.00358166189112,-0.00348993288591,0.0355871886121,-1.5,0.0350877192982,-0.00638026371757,0.0321285140562,0.031746031746,-0.0021533161068,-0.024,-0.0028618152085,-0.000728256346234,0.048309178744,0.0463917525773,0.0129198966408,0.0508474576271,0.0621118012422,0.025641025641,0.0220385674931,0.0236686390533,-0.119047619048,-0.00597826086957,0.0225225225225
21,-0.0448430493274,0.0111731843575,-0.0198915009042,0.045871559633,-0.0282258064516,-0.027397260274,0.0245398773006,-0.000538967338579,0.0471698113208,0.0172910662824,0.0294117647059,-0.00243902439024,0.0121212121212,0.0193548387097,0.0315457413249,-0.00101591601761,-0.000631978091426,-0.000507820434694,0.0368421052632,0.0150602409639,-0.0,0.0943396226415,-0.0117924528302,-0.0077519379845,-0.00304414003044,-0.00118460019743,0.11320754717,9.42329438372e-05,0.0873786407767,0.00135691670436,0.0258620689655,-0.00188087774295,-0.00129971406291,0.0220264317181,-0.00783699059561,0.0280373831776,0.157894736842,0.0104166666667,0.00442477876106,-0.06,0.021472392638,0.0659340659341,0.0189125295508,0.00142935678944,0.0030959752322,-0.000392464678179,0.0,-0.00295302013423,0.0284697508897,-1.16666666667,0.0350877192982,-0.00340280731604,0.0321285140562,0.0634920634921,-0.00430663221361,-0.008,-0.00367947669665,-0.000104036620891,0.0289855072464,0.0309278350515,0.015503875969,0.0296610169492,0.0372670807453,0.0205128205128,0.0165289256198,0.0355029585799,-0.190476190476,-0.00326086956522,0.0225225225225
22,-0.0179372197309,0.0139664804469,-0.0271247739602,0.045871559633,-0.0282258064516,-0.0616438356164,0.0153374233129,-0.0026948366929,0.0283018867925,0.014409221902,0.0196078431373,-0.0121951219512,0.0,0.0129032258065,0.0157728706625,-0.00270910938029,-0.00568780282284,-0.00172658947796,0.0315789473684,0.0150602409639,0.0496453900709,-0.0,-0.0259433962264,-0.0077519379845,-0.0076103500761,-0.00868706811451,0.0943396226415,-0.00131926121372,0.0776699029126,-0.0026900278525,0.014367816092,-0.00564263322884,-0.00259942812581,0.0220264317181,-0.00548589341693,-0.0654205607477,0.131578947368,0.09375,0.0309734513274,-0.12,0.0153374233129,0.0549450549451,0.0118203309693,-0.00208905992303,-0.00247678018576,-0.00156985871272,-0.00859598853868,-0.00214765100671,0.017793594306,-1.16666666667,0.0263157894737,-0.00552956188856,0.0200803212851,0.0793650793651,-0.00473729543497,-0.0224,-0.00490596892886,-0.000936329588015,0.024154589372,0.0257731958763,0.0129198966408,0.021186440678,0.0310559006211,0.0153846153846,0.0192837465565,0.0414201183432,-0.0714285714286,-0.00380434782609,0.0225225225225
23,0.0538116591928,0.0167597765363,-0.0180831826401,0.00917431192661,-0.00806451612903,-0.0616438356164,0.0306748466258,-0.000431173870863,0.0377358490566,0.0201729106628,0.0245098039216,-0.00487804878049,0.0,0.0193548387097,0.0157728706625,-0.00406366407044,0.00315989045713,0.000203128173878,0.0473684210526,0.00903614457831,0.0283687943262,-0.0377358490566,0.0,-0.0135658914729,0.00456621004566,0.00394866732478,-0.377358490566,0.00647066214349,0.0679611650485,0.00407075011308,0.0373563218391,0.00940438871473,-0.00129971406291,0.0132158590308,0.0156739811912,-0.0467289719626,0.105263157895,0.0416666666667,0.0353982300885,-0.14,0.0337423312883,0.010989010989,0.0260047281324,0.00230896096756,0.00061919504644,0.00196232339089,-0.00787965616046,0.0131543624161,0.017793594306,-1.0,-0.00877192982456,-0.00297745640153,0.0281124497992,0.015873015873,0.00301464254953,-0.0032,-0.00408830744072,0.00244486059093,0.0193236714976,0.0618556701031,0.0413436692506,0.00847457627119,0.0248447204969,0.0358974358974,0.0165289256198,0.0295857988166,-0.142857142857,0.0,0.018018018018
24,-0.0986547085202,0.0139664804469,-0.0578661844485,0.0275229357798,-0.0887096774194,-0.143835616438,0.0276073619632,-0.000862347741727,0.0188679245283,0.0461095100865,0.0294117647059,-0.0439024390244,0.0181818181818,0.00645161290323,0.0378548895899,-0.00541821876058,-0.000842637455235,-0.00609384521633,0.0947368421053,0.0150602409639,0.0496453900709,0.0188679245283,-0.0566037735849,0.0,-0.0106544901065,-0.00256663376111,0.301886792453,-0.000910918457093,0.21359223301,-0.000999833361106,0.0431034482759,-0.00501567398119,0.00129971406291,0.0220264317181,-0.00783699059561,-0.177570093458,0.0263157894737,0.0729166666667,0.0309734513274,-0.1,0.021472392638,0.0659340659341,0.0260047281324,-0.00516767454645,-0.00681114551084,-0.0105965463108,-0.025787965616,-0.00778523489933,0.0249110320285,-3.5,-0.0,-0.0106337728626,0.0240963855422,0.0952380952381,-0.0159345391904,-0.032,-0.0196238757155,-0.00280898876404,0.0144927536232,0.0670103092784,0.0361757105943,0.0254237288136,0.0745341614907,0.0410256410256,0.0165289256198,0.0414201183432,0.0238095238095,0.00054347826087,0.0225225225225
25,-0.00448430493274,0.0139664804469,0.0795660036166,-0.00917431192661,-0.0322580645161,0.0205479452055,-0.0,0.0088390643527,0.0377358490566,-0.0028818443804,0.00490196078431,0.0878048780488,0.0121212121212,0.0322580645161,0.00630914826498,0.00643413477819,0.000210659363809,0.0155393053016,-0.00526315789474,0.0150602409639,-0.0,0.0188679245283,0.0,-0.00193798449612,0.0,0.00236920039487,0.0943396226415,0.00373790677221,0.0582524271845,0.0122836670079,0.0258620689655,0.00815047021944,0.000519885625162,0.00440528634361,0.00470219435737,0.271028037383,-0.131578947368,0.0416666666667,0.00884955752212,-0.16,0.0122699386503,0.021978021978,0.0212765957447,0.0134139637163,0.00743034055728,0.00843799058085,0.041547277937,0.00187919463087,0.0284697508897,3.0,0.0263157894737,0.0148872820077,0.0120481927711,-0.0793650793651,0.0103359173127,0.0224,0.0515126737531,0.0043695380774,0.0193236714976,-0.0154639175258,0.015503875969,-0.00423728813559,-0.0372670807453,-0.0,0.00550964187328,-0.0118343195266,-0.0238095238095,0.00271739130435,0.0135135135135
26,-0.0269058295964,0.0111731843575,-0.0506329113924,0.0642201834862,0.0403225806452,-0.130136986301,0.00306748466258,-0.0136897703999,-0.00943396226415,0.0317002881844,0.0196078431373,-0.0243902439024,0.0,0.0225806451613,0.0410094637224,-0.00982052150356,-0.0200126395618,-0.00924233191144,0.121052631579,0.0271084337349,0.0354609929078,0.358490566038,0.0,-0.0106589147287,-0.0197869101979,0.0,0.0754716981132,-0.009454705365,-0.155339805825,-0.0255195562644,0.0287356321839,-0.0131661442006,-0.000519885625162,0.0176211453744,-0.000783699059561,-0.0841121495327,0.184210526316,0.03125,0.0265486725664,-0.22,0.00613496932515,0.10989010989,0.0118203309693,-0.0101154480484,-0.0120743034056,-0.0206043956044,-0.0207736389685,-0.0104697986577,0.0213523131673,-1.83333333333,0.0350877192982,-0.0182900893237,-0.0160642570281,0.0634920634921,-0.0219638242894,-0.064,-0.0110384300899,-0.0100395339159,0.0338164251208,0.0360824742268,0.0335917312661,0.0127118644068,0.0310559006211,0.025641025641,0.0165289256198,0.0355029585799,-0.190476190476,-0.0070652173913,0.0135135135135
27,0.00896860986547,0.0195530726257,-0.0180831826401,0.0183486238532,-0.0685483870968,-0.0547945205479,0.0122699386503,-0.00129352161259,0.0471698113208,0.0259365994236,0.0196078431373,0.0146341463415,0.0,0.0322580645161,0.0157728706625,-0.00406366407044,-0.00168527491047,-0.000101564086939,0.0368421052632,0.0301204819277,0.0496453900709,0.0377358490566,0.0424528301887,-0.00484496124031,0.0,0.000394866732478,-0.0,0.00213594672698,0.0776699029126,0.00164258337896,0.0114942528736,0.00752351097179,-0.00311931375097,0.0264317180617,0.00235109717868,-0.0654205607477,0.184210526316,0.114583333333,0.0442477876106,-0.12,0.0184049079755,0.021978021978,0.016548463357,0.00043980208906,-0.00061919504644,0.000588697017268,-0.00573065902579,0.0,0.0213523131673,-0.5,0.0350877192982,-0.00212675457252,0.0281124497992,-0.0,0.0,-0.016,-0.000817661488144,0.000624219725343,0.0289855072464,0.0257731958763,0.0129198966408,0.0296610169492,0.0496894409938,0.00512820512821,0.0165289256198,0.0118343195266,-0.142857142857,-0.00815217391304,0.0405405405405
28,0.699551569507,-0.0167597765363,0.240506329114,-0.247706422018,0.661290322581,0.404109589041,-0.0368098159509,0.131831411016,-0.132075471698,-0.0201729106628,-0.0490196078431,0.29512195122,0.145454545455,-0.0387096774194,-0.116719242902,0.265492719269,0.223298925637,0.183018484664,-0.347368421053,-0.0210843373494,-0.184397163121,-0.396226415094,0.695754716981,0.368217054264,0.167427701674,0.221125370188,-2.32075471698,0.0,-0.922330097087,0.403289927869,-0.123563218391,0.303448275862,0.286197036652,-0.0528634361233,0.460031347962,1.23364485981,-1.02631578947,-0.635416666667,-0.380530973451,1.42,-0.0736196319018,-0.175824175824,-0.0591016548463,0.18009895547,0.213622291022,0.309654631083,0.180515759312,0.405637583893,-0.085409252669,9.16666666667,-0.271929824561,0.110165886857,-0.100401606426,-0.15873015873,0.219638242894,0.216,0.156173344235,0.317675821889,-0.188405797101,-0.149484536082,-0.0749354005168,-0.0635593220339,-0.105590062112,-0.0871794871795,-0.0330578512397,-0.183431952663,2.28571428571,0.357065217391,-0.0495495495495
29,-0.00896860986547,0.0223463687151,-0.0253164556962,0.045871559633,-0.0806451612903,-0.130136986301,0.0245398773006,0.000862347741727,0.0849056603774,0.0172910662824,0.00980392156863,-0.0439024390244,0.00606060606061,0.0290322580645,0.0315457413249,-0.00237047070775,0.00589846218664,0.00142189721714,0.0736842105263,0.0210843373494,0.0212765957447,0.0754716981132,-0.0212264150943,-0.0184108527132,-0.0106544901065,0.0114511352419,0.169811320755,0.00232441261465,-0.0,0.00390411121956,0.051724137931,-0.00313479623824,-0.00363919937614,0.0220264317181,-0.00548589341693,-0.168224299065,0.105263157895,0.114583333333,0.070796460177,-0.08,0.0306748466258,0.043956043956,0.0330969267139,0.00109950522265,-0.00402476780186,0.00215855572998,-0.00214899713467,-0.00295302013423,0.0284697508897,-3.66666666667,0.0350877192982,0.00467886005955,0.0240963855422,0.0952380952381,-0.00172265288544,-0.0096,-0.00408830744072,0.00109238451935,0.0338164251208,0.0463917525773,0.0258397932817,0.0169491525424,0.0434782608696,0.0461538461538,0.0192837465565,0.0650887573964,-0.309523809524,-0.00489130434783,0.045045045045
30,0.632286995516,-0.0782122905028,0.929475587703,-0.449541284404,0.745967741935,0.767123287671,-0.0429447852761,0.436779131185,-0.150943396226,-0.0951008645533,-0.127450980392,0.565853658537,0.193939393939,-0.0612903225806,-0.324921135647,0.219776498476,0.571729513377,0.373857404022,-1.22105263158,-0.0632530120482,-0.730496453901,-1.79245283019,0.556603773585,0.414728682171,0.564687975647,0.543534057256,-1.90566037736,0.505371277799,-2.00970873786,0.0,-0.186781609195,0.54921630094,0.163244086301,-0.118942731278,0.307993730408,2.64485981308,-1.0,-2.09375,-0.898230088496,4.18,-0.079754601227,-0.67032967033,-0.0330969267139,0.461242440902,0.503095975232,0.441522762951,0.570200573066,0.269798657718,-0.0889679715302,19.0,-0.236842105263,0.336027222459,-0.160642570281,-0.666666666667,0.428079242033,0.656,0.320932134096,0.353568456097,-0.280193236715,-0.283505154639,-0.0904392764858,-0.199152542373,-0.27950310559,-0.194871794872,-0.140495867769,-0.189349112426,1.92857142857,0.171739130435,-0.112612612613
31,-0.0224215246637,0.0111731843575,-0.0361663652803,0.045871559633,0.0,-0.027397260274,0.0276073619632,-0.000862347741727,-0.0,0.0201729106628,0.0392156862745,-0.0317073170732,0.0,0.0129032258065,0.0315457413249,-0.00609549610566,-0.00189593427428,-0.00152346130408,0.0684210526316,0.00903614457831,0.0496453900709,0.0566037735849,-0.0353773584906,-0.00968992248062,-0.0106544901065,-0.00256663376111,0.132075471698,-0.00034552079407,0.145631067961,-0.000309472230819,-0.0,-0.00438871473354,-0.00207954250065,0.0132158590308,-0.00940438871473,-0.0747663551402,0.0789473684211,0.0208333333333,0.0221238938053,-0.02,0.0245398773006,0.032967032967,0.0141843971631,-0.00142935678944,-0.00185758513932,-0.00137362637363,-0.0150429799427,-0.0048322147651,0.0355871886121,-1.16666666667,0.0526315789474,-0.00340280731604,0.0160642570281,0.047619047619,-0.00387596899225,-0.0096,-0.00695012264922,-0.00104036620891,0.024154589372,0.0618556701031,0.0361757105943,0.021186440678,0.0310559006211,0.0358974358974,0.00550964187328,0.0355029585799,-0.190476190476,-0.00434782608696,0.0135135135135
32,0.0448430493274,0.0139664804469,0.0108499095841,-0.00917431192661,-0.0201612903226,0.0342465753425,-0.00920245398773,0.00560526032122,0.0188679245283,-0.0028818443804,0.0147058823529,0.0756097560976,0.0,-0.0,0.00946372239748,0.0155773789367,0.0402359384875,0.016656510258,-0.126315789474,0.00301204819277,-0.0283687943262,-0.0188679245283,0.0919811320755,0.0300387596899,0.041095890411,0.0246791707799,-0.358490566038,0.0243435104913,-0.126213592233,0.0338991120528,-0.00862068965517,0.0,-0.00129971406291,0.0132158590308,0.0438871473354,0.0841121495327,-0.0,0.0208333333333,-0.0,0.16,-0.00306748466258,-0.021978021978,-0.0,0.0250687190764,0.022600619195,0.0100078492936,0.0436962750716,0.0238926174497,0.0213523131673,3.0,0.0175438596491,0.00765631646108,-0.00803212851406,0.031746031746,0.0211024978467,0.032,0.0110384300899,0.0249687890137,-0.0048309178744,-0.00515463917526,0.00516795865633,-0.0,-0.0683229813665,-0.0153846153846,0.0110192837466,-0.0295857988166,0.047619047619,-0.00163043478261,-0.0045045045045
33,0.0403587443946,-0.00558659217877,0.00542495479204,-0.0550458715596,0.685483870968,0.486301369863,-0.0184049079755,0.0668319499838,-0.27358490566,0.0028818443804,0.00490196078431,-0.00731707317073,0.0484848484848,-0.0,0.0252365930599,0.083305113444,0.00884769327997,0.0458054032094,0.0894736842105,0.00301204819277,0.0425531914894,-0.0377358490566,-0.0165094339623,0.0852713178295,0.0258751902588,0.0193484698914,0.0377358490566,0.0427189345395,0.0582524271845,0.0475873068774,0.0114942528736,0.0181818181818,0.0,-0.00440528634361,0.00391849529781,-0.168224299065,-0.868421052632,0.104166666667,0.0575221238938,-0.1,0.0153374233129,0.010989010989,0.016548463357,0.0155030236394,0.0139318885449,0.0390502354788,0.0265042979943,0.073288590604,-0.138790035587,-0.833333333333,0.0350877192982,0.145470012761,0.00803212851406,-0.0634920634921,0.020241171404,0.0816,0.0711365494685,0.0437994173949,0.024154589372,0.0154639175258,0.015503875969,-0.0,0.0124223602484,0.0102564102564,0.0165289256198,-0.0177514792899,0.142857142857,0.365760869565,-0.0540540540541
34,-0.0358744394619,0.0223463687151,-0.0144665461121,0.0733944954128,-0.0322580645161,-0.0479452054795,0.0245398773006,-0.00183248895117,0.0377358490566,0.0230547550432,0.0392156862745,-0.0146341463415,0.0,0.0193548387097,0.0252365930599,-0.00270910938029,-0.00210659363809,-0.000507820434694,0.0421052631579,0.0180722891566,0.0425531914894,0.11320754717,-0.0165094339623,-0.00968992248062,-0.0076103500761,-0.00138203356367,0.150943396226,-0.000471164719186,0.0776699029126,-0.000333277787035,0.0229885057471,-0.00376175548589,-0.00311931375097,-0.0,-0.00626959247649,-0.0747663551402,0.157894736842,0.104166666667,0.0353982300885,-0.08,0.0306748466258,0.0659340659341,0.0189125295508,-0.000769653655855,-0.00247678018576,-0.00137362637363,-0.00716332378223,-0.00214765100671,0.017793594306,-1.33333333333,0.0350877192982,-0.000850701829009,0.0240963855422,0.0952380952381,-0.00344530577089,-0.0096,-0.00327064595258,-0.000728256346234,0.0289855072464,0.0309278350515,0.0206718346253,0.0254237288136,0.0496894409938,0.0205128205128,0.0220385674931,0.0473372781065,-0.142857142857,-0.00380434782609,0.036036036036
35,0.0358744394619,0.00279329608939,-0.0144665461121,-0.0183486238532,0.0403225806452,-0.0205479452055,-0.0,-0.00140131508031,-0.0188679245283,0.0028818443804,0.0147058823529,0.0121951219512,0.0181818181818,-0.00645161290323,0.0157728706625,0.00203183203522,0.00358120918475,0.0,0.0263157894737,-0.0150602409639,0.0141843971631,-0.0188679245283,0.0660377358491,-0.000968992248062,0.0152207001522,0.00256663376111,-0.11320754717,0.00282698831511,0.00970873786408,0.00173780560383,0.0258620689655,0.00626959247649,-0.00181959968807,0.0132158590308,0.0,-0.0654205607477,-0.0263157894737,0.0520833333333,0.0176991150442,-0.06,0.00613496932515,-0.010989010989,0.0141843971631,-0.00043980208906,-0.0015479876161,-0.00255102040816,-0.00501432664756,0.0061744966443,0.00355871886121,-0.833333333333,0.00877192982456,-0.000850701829009,-0.00401606425703,-0.047619047619,-0.00129198966408,-0.0048,-0.00490596892886,0.00182064086558,-0.0,-0.00515463917526,0.0232558139535,0.00423728813559,-0.00621118012422,-0.0,0.00826446280992,0.00591715976331,0.0952380952381,-0.00163043478261,-0.0045045045045
36,-0.0627802690583,0.0391061452514,-0.0397830018083,0.0183486238532,-0.0846774193548,-0.0616438356164,0.0122699386503,-0.000646760806295,0.0943396226415,0.0259365994236,0.0441176470588,-0.0365853658537,0.00606060606061,0.058064516129,0.0410094637224,-0.00440230274297,-0.0025279123657,0.00172658947796,0.0578947368421,0.0451807228916,0.0425531914894,0.0566037735849,-0.0495283018868,-0.0135658914729,-0.0076103500761,-0.00276406712734,0.283018867925,9.42329438372e-05,0.145631067961,-0.000380888899469,0.0229885057471,-0.0225705329154,-0.00675851312711,0.00881057268722,-0.00626959247649,0.0,0.0526315789474,0.0208333333333,0.0221238938053,-0.24,0.021472392638,0.032967032967,0.0307328605201,-0.00164925783397,-0.00433436532508,-0.000196232339089,-0.0143266475645,-0.00402684563758,0.0391459074733,-0.5,0.0350877192982,-0.00638026371757,0.0361445783133,0.047619047619,-0.0021533161068,-0.032,0.00122649223222,-0.00156054931336,0.0676328502415,0.0463917525773,0.0180878552972,0.0550847457627,0.00621118012422,0.0410256410256,0.00826446280992,0.0355029585799,-0.047619047619,-0.00869565217391,0.0585585585586
37,-0.0134529147982,0.0111731843575,-0.00542495479204,0.0183486238532,0.00403225806452,-0.013698630137,0.00306748466258,0.00280263016061,0.0377358490566,0.0259365994236,0.0196078431373,-0.00243902439024,0.0121212121212,0.00967741935484,0.0315457413249,0.00541821876058,0.00168527491047,0.00243753808653,0.0210526315789,0.0240963855422,0.0354609929078,0.0377358490566,-0.00707547169811,0.00678294573643,-0.00304414003044,0.000197433366239,0.0943396226415,0.00144490513884,0.0485436893204,0.00178541671626,0.00862068965517,0.0,0.00779828437744,0.0176211453744,0.000783699059561,0.0,-0.0,0.0416666666667,0.0132743362832,-0.06,0.0153374233129,0.032967032967,0.016548463357,0.00109950522265,0.0,0.00137362637363,0.00573065902579,0.00241610738255,0.0213523131673,-0.333333333333,0.0263157894737,0.00127605274351,0.0240963855422,0.015873015873,0.00387596899225,0.0096,0.00654129190515,0.00171660424469,-0.00966183574879,0.0103092783505,0.0077519379845,0.0338983050847,0.0496894409938,0.0153846153846,0.0137741046832,0.00591715976331,-0.047619047619,0.00434782608696,0.0135135135135
38,-0.0313901345291,0.0139664804469,-0.0560578661844,0.0733944954128,-0.0403225806452,-0.143835616438,0.021472392638,-0.00603643419209,0.0377358490566,0.0201729106628,0.00980392156863,-0.0268292682927,0.0,0.0225806451613,0.0378548895899,-0.00575685743312,-0.00463450600379,-0.00517976843388,0.0578947368421,0.0210843373494,0.0567375886525,0.132075471698,-0.0165094339623,-0.0281007751938,-0.0228310502283,-0.00315893385982,0.150943396226,-0.00314109812791,0.126213592233,-0.00587997238555,0.0287356321839,-0.00752351097179,-0.00545879906421,0.0352422907489,-0.00626959247649,-0.121495327103,0.236842105263,-0.0,0.929203539823,-0.08,0.0276073619632,0.043956043956,0.0141843971631,-0.00329851566795,-0.015479876161,-0.00784929356358,-0.012893982808,-0.00697986577181,0.0249110320285,-1.16666666667,0.0263157894737,-0.00765631646108,0.0240963855422,0.047619047619,-0.00559862187769,-0.1104,-0.0122649223222,-0.0027569704536,0.0144927536232,0.0360824742268,0.0387596899225,0.0423728813559,0.0434782608696,0.025641025641,0.258953168044,0.0355029585799,-0.214285714286,-0.0054347826087,0.027027027027
39,-0.0403587443946,0.0195530726257,-0.0325497287523,0.0642201834862,-0.0403225806452,-0.0684931506849,0.0337423312883,-0.00366497790234,0.0377358490566,0.0374639769452,0.0245098039216,-0.0365853658537,0.0121212121212,0.0290322580645,0.0473186119874,-0.00541821876058,-0.00294923109332,-0.00213284582572,0.0473684210526,0.0331325301205,0.0354609929078,0.0754716981132,-0.0259433962264,-0.0203488372093,-0.0197869101979,-0.00276406712734,0.169811320755,-0.00226159065209,0.194174757282,-0.00340419453901,0.0287356321839,-0.00501567398119,-0.0041590850013,0.0308370044053,-0.00705329153605,-0.205607476636,0.131578947368,1.42708333333,-0.0,-0.08,0.0398773006135,0.0549450549451,0.0260047281324,-0.00285871357889,-0.0173374613003,-0.00902668759812,-0.0143266475645,-0.00697986577181,0.0427046263345,-2.0,0.0263157894737,-0.00340280731604,0.0281124497992,-0.0,-0.00430663221361,-0.0464,-0.00654129190515,-0.00296504369538,0.024154589372,0.0515463917526,0.0490956072351,0.0466101694915,0.0186335403727,0.0358974358974,0.115702479339,0.0355029585799,-0.166666666667,-0.00597826086957,0.0315315315315
40,-0.0179372197309,0.0195530726257,-0.00723327305606,0.045871559633,-0.0241935483871,-0.0547945205479,0.00920245398773,-0.00215586935432,0.00943396226415,0.0115273775216,0.0196078431373,-0.0121951219512,0.0,0.0129032258065,0.018927444795,-0.00169319336268,-0.000842637455235,-0.00101564086939,0.00526315789474,0.0150602409639,0.0283687943262,0.0943396226415,-0.00943396226415,-0.00387596899225,-0.00608828006088,-0.00157946692991,0.0754716981132,-0.000628219625581,0.0485436893204,-0.000618944461637,0.0114942528736,-0.00752351097179,-0.000259942812581,0.0176211453744,-0.00391849529781,-0.0841121495327,0.105263157895,0.0416666666667,0.0176991150442,0.0,0.00920245398773,0.032967032967,0.0118203309693,-0.00120945574491,-0.00216718266254,-0.00156985871272,-0.00214899713467,-0.00241610738255,0.017793594306,-0.333333333333,0.0175438596491,-0.00297745640153,0.00803212851406,0.0634920634921,-0.00473729543497,-0.0048,-0.00163532297629,-0.000364128173117,0.0386473429952,0.0257731958763,0.0103359173127,0.0169491525424,0.0124223602484,0.0153846153846,0.0137741046832,0.0236686390533,0.0,-0.00217391304348,0.00900900900901
41,-0.0538116591928,0.0279329608939,-0.0325497287523,0.0917431192661,-0.0645161290323,-0.0890410958904,0.0613496932515,-0.0020480758866,0.160377358491,0.0403458213256,0.0490196078431,-0.0341463414634,-0.00606060606061,0.0258064516129,0.0473186119874,-0.0128682695564,-0.00442384663998,-0.00253910217347,0.121052631579,0.0301204819277,0.0851063829787,0.150943396226,-0.0377358490566,-0.0416666666667,-0.0182648401826,-0.00612043435341,0.207547169811,-0.00144490513884,0.184466019417,-0.00128550003571,0.0373563218391,-0.00689655172414,-0.00441902781388,0.0440528634361,-0.0133228840125,-0.130841121495,0.289473684211,0.135416666667,0.0663716814159,-0.14,-0.0,0.120879120879,0.0307328605201,-0.0018691588785,-0.00557275541796,-0.00647566718995,-0.0207736389685,-0.00805369127517,0.0284697508897,-2.83333333333,0.0350877192982,-0.00680561463207,0.0481927710843,0.126984126984,-0.00861326442722,-0.0208,-0.0122649223222,-0.0021847690387,0.048309178744,0.0824742268041,0.0387596899225,0.0593220338983,0.0745341614907,0.0871794871795,0.0330578512397,0.094674556213,-0.52380952381,-0.00760869565217,0.0540540540541
42,-0.0313901345291,0.0167597765363,-0.0108499095841,0.045871559633,-0.0403225806452,-0.0753424657534,0.0245398773006,-0.00226366282203,0.0660377358491,0.0201729106628,0.0245098039216,-0.019512195122,0.0,0.0225806451613,0.018927444795,-0.00406366407044,-0.00189593427428,-0.00152346130408,0.0368421052632,0.0180722891566,0.0709219858156,0.11320754717,-0.0141509433962,-0.0125968992248,-0.0167427701674,-0.00394866732478,0.132075471698,-0.000910918457093,0.0970873786408,-0.00140452781679,0.0172413793103,-0.00752351097179,-0.00259942812581,0.0264317180617,-0.00626959247649,-0.0467289719626,0.184210526316,0.0625,0.0221238938053,-0.14,0.0276073619632,-0.0,0.0141843971631,-0.00263881253436,-0.0046439628483,-0.00196232339089,-0.00429799426934,-0.00241610738255,0.0249110320285,-1.16666666667,0.0350877192982,-0.00638026371757,0.0361445783133,0.111111111111,-0.00473729543497,-0.024,-0.00572363041701,-0.0011444028298,0.0289855072464,0.0412371134021,0.015503875969,0.0296610169492,0.0372670807453,0.025641025641,0.0192837465565,0.0473372781065,-0.190476190476,-0.00326086956522,0.036036036036
43,-0.0313901345291,0.0307262569832,-0.0180831826401,0.0550458715596,-0.0403225806452,-0.0479452054795,0.0490797546012,-0.00129352161259,0.0471698113208,0.0259365994236,0.0392156862745,-0.0341463414634,0.00606060606061,0.0225806451613,0.0315457413249,-0.00440230274297,-0.0025279123657,-0.00233597399959,0.0631578947368,0.0210843373494,0.0496453900709,0.11320754717,-0.0235849056604,-0.0106589147287,-0.0182648401826,-0.00197433366239,0.11320754717,-0.00065963060686,0.174757281553,-0.000666555574071,0.0402298850575,-0.00313479623824,-0.00311931375097,0.0176211453744,-0.00940438871473,-0.0934579439252,0.236842105263,0.09375,0.0530973451327,-0.08,0.021472392638,0.0659340659341,-0.0,-0.0018691588785,-0.00433436532508,-0.0037284144427,-0.0150429799427,-0.00402684563758,0.0284697508897,-2.0,0.0350877192982,-0.00467886005955,0.0240963855422,0.126984126984,-0.00602928509905,-0.0144,-0.00695012264922,-0.00088431127757,0.0628019323671,0.0463917525773,0.031007751938,0.0423728813559,0.0621118012422,0.0564102564103,0.0165289256198,0.0650887573964,-0.190476190476,-0.00217391304348,0.0405405405405
44,0.0448430493274,0.0111731843575,0.169981916817,-0.045871559633,-0.00806451612903,0.0753424657534,0.00306748466258,0.0544357011965,0.0283018867925,0.0028818443804,-0.0147058823529,0.0951219512195,0.0121212121212,-0.0,-0.0220820189274,0.0409752793769,0.0307562671161,0.0928295754621,-0.242105263158,0.0120481927711,-0.22695035461,-0.0566037735849,0.0801886792453,0.0736434108527,0.109589041096,0.0323790720632,-0.0943396226415,0.0509486116346,-0.553398058252,0.0890089746947,0.00574712643678,0.0677115987461,0.00649857031453,0.00881057268722,0.0360501567398,0.224299065421,-0.263157894737,-0.28125,-0.132743362832,0.24,0.0122699386503,-0.131868131868,0.0212765957447,0.0,0.111145510836,0.0584772370487,0.0651862464183,0.0255033557047,-0.00711743772242,5.33333333333,-0.0526315789474,0.0599744789451,-0.00401606425703,-0.047619047619,0.0779500430663,0.08,0.0838103025348,0.0538389513109,-0.00966183574879,-0.0309278350515,0.015503875969,-0.0338983050847,-0.055900621118,0.0153846153846,-0.00826446280992,-0.0,0.261904761905,0.0119565217391,0.0045045045045
45,-0.00896860986547,0.0111731843575,-0.0415913200723,0.0275229357798,-0.0201612903226,-0.0616438356164,0.0276073619632,-0.00226366282203,0.0283018867925,0.0201729106628,0.0147058823529,-0.0487804878049,-0.00606060606061,0.0193548387097,0.0157728706625,-0.0111750761937,-0.00147461554666,-0.00609384521633,0.0578947368421,0.00301204819277,0.0354609929078,-0.0,-0.00707547169811,-0.0174418604651,-0.0167427701674,-0.00177690029615,0.0566037735849,-0.000157054906395,0.291262135922,-0.000190444449735,0.0344827586207,-0.000626959247649,-0.00779828437744,0.0176211453744,-0.00626959247649,-0.0373831775701,-0.0263157894737,-0.0104166666667,0.0132743362832,0.02,0.021472392638,0.0659340659341,0.0307328605201,-0.00120945574491,0.0,-0.0156985871272,-0.0229226361032,-0.00348993288591,0.00711743772242,-2.0,0.0263157894737,-0.00552956188856,0.00803212851406,0.0793650793651,-0.0189491817399,-0.016,-0.0147179067866,-0.00150853100291,0.00966183574879,0.0103092783505,0.015503875969,0.0169491525424,0.0372670807453,-0.0,0.0220385674931,0.0355029585799,-0.190476190476,-0.00108695652174,0.0225225225225
46,0.112107623318,-0.00279329608939,0.0325497287523,-0.0366972477064,0.108870967742,0.130136986301,-0.00306748466258,0.0273795407998,0.0188679245283,-0.0115273775216,-0.0,0.10487804878,0.0121212121212,-0.00322580645161,-0.0567823343849,0.0436843887572,0.0208552770171,0.0517976843388,-0.0210526315789,0.00903614457831,-0.0141843971631,-0.0943396226415,0.14858490566,0.0910852713178,0.0350076103501,0.0325765054294,-0.396226415094,0.0567910541525,-0.165048543689,0.057204751589,-0.0718390804598,0.0181818181818,0.0374317650117,-0.0,0.0501567398119,0.168224299065,-0.315789473684,-0.197916666667,-0.0752212389381,0.22,-0.00920245398773,-0.021978021978,-0.0118203309693,0.0496976360638,0.0622291021672,0.0,0.0666189111748,0.0622818791946,-0.0462633451957,4.16666666667,-0.0614035087719,0.0284985112718,-0.0,-0.015873015873,0.0719207579673,0.0368,0.0596892886345,0.0530586766542,-0.00966183574879,0.0103092783505,0.0129198966408,-0.0381355932203,-0.0124223602484,-0.0102564102564,0.00275482093664,-0.0355029585799,0.119047619048,0.020652173913,0.00900900900901
47,-0.0313901345291,0.036312849162,0.0253164556962,0.0642201834862,-0.0645161290323,-0.027397260274,0.0306748466258,0.00549746685351,0.0566037735849,0.0403458213256,0.0196078431373,0.10487804878,0.00606060606061,0.0354838709677,0.0347003154574,-0.0037250253979,-0.00631978091426,0.0126955108674,0.152631578947,0.0150602409639,0.0496453900709,-0.0188679245283,-0.0566037735849,-0.0135658914729,0.0213089802131,-0.00177690029615,0.169811320755,0.000628219625581,0.0485436893204,0.00583236127312,0.0344827586207,-0.0181818181818,-0.00311931375097,0.0264317180617,-0.0133228840125,-0.14953271028,-0.157894736842,-0.0729166666667,0.0309734513274,-0.18,0.0337423312883,-0.021978021978,0.0425531914894,0.00703683342496,0.00433436532508,0.00431711145997,0.0,-0.00751677852349,0.0142348754448,3.83333333333,0.0263157894737,0.0136112292641,0.0361445783133,-0.206349206349,0.00516795865633,0.008,0.0494685200327,0.000728256346234,0.0338164251208,0.0309278350515,0.0258397932817,-0.00847457627119,-0.055900621118,0.0410256410256,0.0165289256198,0.0473372781065,-0.261904761905,-0.0125,0.0720720720721
48,0.170403587444,-0.00837988826816,-0.0162748643761,0.0733944954128,0.221774193548,-0.00684931506849,-0.00613496932515,0.00991699902986,-0.0377358490566,0.014409221902,0.0343137254902,0.0268292682927,0.0484848484848,-0.0193548387097,0.0220820189274,0.0572299356587,0.0174847271961,0.0160471257363,0.0263157894737,0.0180722891566,0.0496453900709,-0.0,0.108490566038,0.0358527131783,0.0121765601218,0.0205330700888,-0.283018867925,0.0368450810403,-0.0776699029126,0.0236389173233,0.0287356321839,0.0206896551724,0.0746035872108,0.0132158590308,0.0462382445141,-0.00934579439252,-0.236842105263,-0.1875,-0.0663716814159,0.02,0.0184049079755,-0.032967032967,-0.00945626477541,0.00780648708081,0.0114551083591,0.0339481946625,0.00143266475645,0.0,-0.00355871886121,-1.16666666667,0.00877192982456,-0.000850701829009,0.00401606425703,0.031746031746,0.0297157622739,-0.0016,0.0241210139002,0.0362047440699,-0.0193236714976,0.0670103092784,0.0077519379845,-0.00423728813559,0.0310559006211,0.0102564102564,0.00550964187328,-0.0650887573964,0.571428571429,0.0869565217391,-0.0405405405405
49,-0.0493273542601,0.0223463687151,-0.0126582278481,-0.0,-0.0403225806452,0.0479452054795,0.00613496932515,0.00161690201574,-0.00943396226415,0.0230547550432,-0.00980392156863,-0.0121951219512,0.0,0.0193548387097,0.0347003154574,-0.00338638672536,-0.00189593427428,-0.000507820434694,0.0315789473684,0.0210843373494,0.0425531914894,0.0377358490566,-0.00471698113208,-0.00872093023256,-0.0121765601218,-0.00197433366239,0.150943396226,3.14109812791e-05,0.0679611650485,0.000166638893518,0.00862068965517,-0.00752351097179,0.00623862750195,0.00440528634361,-0.00156739811912,-0.11214953271,0.157894736842,-0.0,0.0221238938053,-0.1,0.00920245398773,0.043956043956,0.0141843971631,-0.00131940626718,-0.000928792569659,-0.00117739403454,-0.00644699140401,-0.00161073825503,-0.0,-1.66666666667,0.00877192982456,0.00340280731604,0.0200803212851,0.0793650793651,-0.00344530577089,0.0016,0.0,-0.000624219725343,0.0338164251208,0.0154639175258,0.00258397932817,0.0254237288136,0.0807453416149,0.00512820512821,0.00550964187328,0.00591715976331,0.0714285714286,-0.00326086956522,0.0315315315315
50,-0.00896860986547,0.0195530726257,-0.0126582278481,0.0366972477064,-0.0282258064516,-0.041095890411,0.0306748466258,0.0,0.0377358490566,0.0317002881844,0.0245098039216,0.0121951219512,0.00606060606061,0.0161290322581,0.0378548895899,-0.0037250253979,-0.00147461554666,0.000406256347755,0.0578947368421,0.0210843373494,0.0283687943262,0.0566037735849,-0.0212264150943,-0.0145348837209,-0.0076103500761,-0.00197433366239,0.132075471698,-0.000157054906395,0.165048543689,0.000166638893518,0.0344827586207,0.000626959247649,-0.00207954250065,0.0264317180617,-0.00391849529781,-0.018691588785,0.131578947368,0.0729166666667,0.0530973451327,-0.06,0.0245398773006,0.043956043956,0.0189125295508,0.000109950522265,-0.00247678018576,-0.00117739403454,-0.00214899713467,-0.00295302013423,0.0249110320285,0.0,0.0438596491228,0.000425350914504,0.0240963855422,-0.0,-0.0021533161068,-0.0032,-0.00245298446443,0.000312109862672,0.0289855072464,0.020618556701,0.0180878552972,0.0254237288136,-0.0621118012422,0.0153846153846,0.0165289256198,0.0355029585799,-0.0952380952381,-0.00271739130435,0.018018018018
51,0.00448430493274,-0.0,0.00180831826401,0.0183486238532,0.0,-0.0205479452055,-0.0,0.000107793467716,0.00943396226415,-0.0,0.00980392156863,0.00731707317073,0.0,-0.0,-0.0,-0.000338638672536,0.0,0.000507820434694,-0.0,-0.0,-0.0,-0.0,0.00707547169811,0.00193798449612,0.0,0.0,-0.0,0.000753863550697,-0.0,0.000309472230819,0.00574712643678,0.000626959247649,0.0,-0.0,0.00470219435737,0.0,-0.0263157894737,-0.0,-0.0,0.02,-0.0,-0.0,-0.0,0.00043980208906,0.0,0.00294348508634,0.0,-0.000536912751678,0.00711743772242,0.166666666667,-0.0,0.000425350914504,-0.0,-0.015873015873,0.000861326442722,0.0,0.000408830744072,0.000312109862672,-0.0,-0.0,0.00516795865633,0.00847457627119,-0.0,0.00512820512821,-0.0,-0.0,-0.0714285714286,-0.00054347826087,-0.0
52,-0.0224215246637,0.00837988826816,0.195298372514,0.0183486238532,0.0443548387097,0.835616438356,0.00613496932515,0.0666163630484,0.0188679245283,-0.0432276657061,-0.0833333333333,-0.00243902439024,-0.0121212121212,0.0193548387097,0.01261829653,0.00541821876058,0.000421318727617,0.0407271988625,0.0210526315789,0.0271084337349,0.0354609929078,-0.11320754717,-0.0212264150943,0.0222868217054,0.0243531202435,0.00848963474827,0.0754716981132,0.0085437869079,-0.155339805825,0.0272573618683,-0.0172413793103,-0.00815047021944,0.055887704705,-0.00440528634361,-0.00391849529781,0.102803738318,0.0789473684211,-0.114583333333,-0.00884955752212,-0.24,0.00613496932515,-0.0879120879121,0.016548463357,0.020340846619,0.0077399380805,0.0141287284144,0.0565902578797,-0.00187919463087,-0.017793594306,-0.5,0.00877192982456,0.0,0.0281124497992,-0.0,0.00689061154177,0.2368,0.0809484873262,0.00676238035789,0.0289855072464,-0.0103092783505,0.00258397932817,-0.0381355932203,0.0186335403727,0.00512820512821,0.00550964187328,0.00591715976331,-0.142857142857,0.0135869565217,-0.0045045045045
53,-0.0493273542601,0.0251396648045,-0.0253164556962,0.0642201834862,-0.0685483870968,-0.0821917808219,0.0337423312883,-0.00194028241889,0.0943396226415,0.028818443804,0.0343137254902,-0.0243902439024,0.0,0.0258064516129,0.0252365930599,-0.00812732814087,-0.00779439646092,-0.00274223034735,0.0526315789474,0.0271084337349,0.0780141843972,0.132075471698,-0.0235849056604,-0.031976744186,-0.0152207001522,-0.00592300098717,0.188679245283,-0.00197889182058,0.0970873786408,-0.00190444449735,0.0229885057471,-0.012539184953,-0.00519885625162,0.0264317180617,-0.0219435736677,-0.130841121495,0.210526315789,0.0833333333333,0.0442477876106,-0.22,0.0368098159509,0.120879120879,0.0189125295508,-0.00230896096756,-0.00340557275542,-0.00215855572998,-0.0100286532951,-0.00644295302013,0.0355871886121,-1.66666666667,0.0350877192982,-0.00765631646108,-0.0,0.142857142857,-0.00818260120586,-0.0144,-0.0073589533933,-0.00202871410737,0.0579710144928,0.0515463917526,0.0180878552972,0.0338983050847,0.055900621118,0.0461538461538,0.0247933884298,0.0828402366864,-0.404761904762,-0.00652173913043,0.0630630630631
54,-0.0358744394619,0.0111731843575,-0.00904159132007,0.0183486238532,-0.0241935483871,-0.0205479452055,0.0122699386503,-0.000538967338579,0.0188679245283,0.0172910662824,0.0147058823529,0.00243902439024,0.0,0.0129032258065,0.01261829653,-0.00270910938029,-0.000631978091426,-0.000406256347755,0.0210526315789,0.00903614457831,0.0354609929078,0.0754716981132,-0.00943396226415,-0.00968992248062,-0.00913242009132,-0.000987166831194,0.0754716981132,-0.000125643925116,0.0582524271845,0.0,0.00862068965517,-0.00501567398119,-0.00233948531323,0.0220264317181,-0.00470219435737,-0.018691588785,0.105263157895,0.0416666666667,0.0176991150442,-0.08,0.0122699386503,0.0659340659341,0.0141843971631,-0.00087960417812,-0.00061919504644,-0.000981161695447,-0.00143266475645,-0.00214765100671,0.017793594306,-0.166666666667,0.0438596491228,-0.00212675457252,0.0240963855422,-0.0,-0.0021533161068,-0.0096,-0.00327064595258,-0.000520183104453,0.0193236714976,0.0103092783505,0.0129198966408,0.00847457627119,-0.0186335403727,0.0102564102564,0.0110192837466,0.0236686390533,-0.047619047619,-0.00271739130435,0.018018018018
55,-0.0179372197309,0.0111731843575,-0.0560578661844,-0.00917431192661,-0.0564516129032,-0.0890410958904,0.0276073619632,-0.000538967338579,-0.0,-0.00576368876081,0.0147058823529,-0.0609756097561,0.0242424242424,0.0129032258065,0.0378548895899,-0.00169319336268,0.0139035180114,-0.0127970749543,0.0842105263158,-0.00602409638554,0.0354609929078,-0.0188679245283,0.00707547169811,0.000968992248062,-0.00913242009132,0.00947680157947,-0.0566037735849,-0.00106797336349,0.0582524271845,0.000285666674602,0.014367816092,0.00188087774295,-0.00779828437744,0.00881057268722,-0.00391849529781,0.0,-0.0263157894737,-0.0208333333333,0.0265486725664,0.08,0.0153374233129,0.021978021978,0.0354609929078,-0.00505772402419,-0.00743034055728,-0.019819466248,-0.0358166189112,-0.00805369127517,0.0249110320285,-1.83333333333,0.00877192982456,-0.0127605274351,-0.00803212851406,0.015873015873,0.0,0.0,-0.0376124284546,-5.20183104453e-05,0.00966183574879,0.00515463917526,0.0258397932817,-0.0,0.0372670807453,-0.0102564102564,0.00550964187328,0.0177514792899,-0.047619047619,0.00217391304348,0.00900900900901
56,-0.0358744394619,-0.0,0.130198915009,-0.00917431192661,-0.0443548387097,0.143835616438,-0.00613496932515,0.0156300528188,0.0471698113208,-0.028818443804,-0.00980392156863,-0.00975609756098,0.00606060606061,0.0290322580645,0.0220820189274,0.000338638672536,0.000842637455235,0.0112736136502,0.0631578947368,0.0361445783133,0.0354609929078,-0.0943396226415,-0.00943396226415,0.0,-0.00608828006088,0.00552813425469,0.150943396226,0.00307827616535,-0.0776699029126,0.0102363891732,0.00574712643678,-0.00564263322884,0.0106576553158,0.0132158590308,-0.00391849529781,-0.158878504673,-0.131578947368,-0.0416666666667,-0.0,-0.18,0.0122699386503,-0.0549450549451,0.00709219858156,0.00505772402419,0.00030959752322,0.000196232339089,0.00143266475645,0.00161073825503,0.0142348754448,-0.5,0.0263157894737,0.0638026371757,0.0281124497992,-0.0,0.00387596899225,0.0,0.0175797219951,0.00223678734915,0.00966183574879,0.0154639175258,0.0077519379845,0.0296610169492,0.0248447204969,0.0102564102564,0.00275482093664,-0.0,-0.190476190476,0.00597826086957,0.018018018018
57,0.0224215246637,0.0139664804469,0.207956600362,-0.0,-0.0362903225806,0.150684931507,0.00613496932515,0.0301821709604,0.0188679245283,0.0115273775216,-0.0343137254902,0.0634146341463,0.0242424242424,0.0193548387097,-0.00946372239748,0.0389434473417,-0.00189593427428,0.0800325005078,0.0526315789474,0.00602409638554,-0.0283687943262,-0.0,0.0141509433962,0.0261627906977,0.123287671233,0.00454096742349,0.0943396226415,0.0139464756879,-0.0291262135922,0.0231866117552,0.0201149425287,-0.000626959247649,0.0431505068885,0.0264317180617,0.0,0.336448598131,-0.605263157895,-0.135416666667,-0.0442477876106,-0.14,0.00613496932515,0.0989010989011,0.00945626477541,0.0249587685542,0.0151702786378,0.0345368916797,0.120343839542,0.0201342281879,-0.0213523131673,3.0,-0.0175438596491,0.0876222883879,0.0200803212851,-0.111111111111,0.0391903531438,0.0608,0.0,0.015657511444,-0.0048309178744,-0.0567010309278,0.0077519379845,-0.0296610169492,-0.0,-0.00512820512821,-0.00826446280992,-0.0,0.047619047619,0.0233695652174,0.0225225225225
58,0.394618834081,0.00558659217877,-0.0144665461121,-0.110091743119,0.20564516129,0.041095890411,-0.0429447852761,0.0517408645036,-0.141509433962,0.00864553314121,-0.00490196078431,0.231707317073,0.0969696969697,-0.0258064516129,-0.0315457413249,0.266508635286,0.148093532758,0.0686573227707,-0.263157894737,-0.00301204819277,-0.0709219858156,-0.0188679245283,0.202830188679,0.229651162791,0.0974124809741,0.115103652517,-0.735849056604,0.155798467144,-0.349514563107,0.141095531697,-0.0545977011494,0.213793103448,0.0852612425266,-0.0264317180617,0.236677115987,0.345794392523,-0.289473684211,-0.322916666667,-0.137168141593,0.82,-0.0490797546012,-0.0879120879121,-0.0118203309693,0.102693787795,0.0965944272446,0.0961538461538,0.0852435530086,0.157852348993,0.00355871886121,6.66666666667,-0.0263157894737,0.0093577201191,-0.0763052208835,-0.047619047619,0.163221360896,0.0416,0.022894521668,0.0,-0.0338164251208,-0.0309278350515,-0.0077519379845,0.0466101694915,-0.124223602484,-0.0512820512821,-0.0275482093664,-0.171597633136,1.7380952381,0.0847826086957,-0.0495495495495
59,-0.0269058295964,0.0279329608939,-0.0216998191682,0.045871559633,-0.0403225806452,-0.0616438356164,0.0306748466258,-0.000754554274011,0.0566037735849,0.028818443804,0.0294117647059,-0.0170731707317,0.00606060606061,0.0225806451613,0.0315457413249,-0.00304774805283,-0.00168527491047,-0.00152346130408,0.0421052631579,0.0331325301205,0.0496453900709,0.0943396226415,-0.0188679245283,-0.00872093023256,-0.0167427701674,-0.00276406712734,0.169811320755,-0.000219876868953,0.0776699029126,-0.000571333349204,0.0201149425287,-0.00501567398119,-0.00285937093839,0.0220264317181,-0.00548589341693,-0.121495327103,0.315789473684,0.09375,0.0442477876106,-0.18,0.021472392638,0.0549450549451,0.0260047281324,-0.00109950522265,-0.00247678018576,-0.00156985871272,-0.00573065902579,-0.00375838926174,0.0391459074733,-1.66666666667,0.0350877192982,-0.00552956188856,0.0401606425703,0.0793650793651,-0.00344530577089,-0.0176,-0.00408830744072,-0.000780274656679,-0.0,0.0515463917526,0.015503875969,0.0296610169492,0.055900621118,0.0307692307692,0.0247933884298,0.0295857988166,-0.119047619048,-0.00652173913043,0.036036036036
60,-0.0313901345291,0.0139664804469,-0.0379746835443,0.0275229357798,-0.0362903225806,-0.0821917808219,0.0398773006135,-0.00323380403148,0.0188679245283,0.0259365994236,0.0343137254902,-0.0292682926829,0.0,0.0129032258065,0.0283911671924,-0.00541821876058,-0.00189593427428,-0.00223440991265,0.0842105263158,0.0240963855422,0.0425531914894,0.0754716981132,-0.0283018867925,-0.0145348837209,-0.013698630137,-0.00454096742349,0.0754716981132,-0.00147631612012,0.165048543689,-0.00214250005951,0.0431034482759,-0.00501567398119,-0.00181959968807,0.0132158590308,-0.00783699059561,-0.224299065421,0.210526315789,0.09375,0.0663716814159,-0.1,0.0337423312883,0.043956043956,0.016548463357,-0.00208905992303,-0.00340557275542,-0.00667189952904,-0.0114613180516,-0.0061744966443,0.0284697508897,-1.66666666667,0.0263157894737,-0.0106337728626,0.0321285140562,0.047619047619,-0.00861326442722,-0.0384,-0.00858544562551,-0.00197669579692,0.0434782608696,-0.0,0.0232558139535,0.0381355932203,0.0310559006211,0.0512820512821,0.0165289256198,0.0591715976331,-0.261904761905,-0.00434782608696,0.018018018018
61,-0.0224215246637,0.0139664804469,-0.0235081374322,0.0550458715596,-0.0120967741935,-0.0616438356164,0.0276073619632,-0.000754554274011,0.00943396226415,0.0201729106628,0.0343137254902,-0.0268292682927,0.0,0.00967741935484,0.0410094637224,-0.00474094141551,-0.000210659363809,-0.00162502539102,0.0526315789474,0.00903614457831,0.0212765957447,0.0566037735849,-0.0400943396226,-0.0145348837209,-0.0076103500761,-0.00118460019743,0.0943396226415,-6.28219625581e-05,0.0970873786408,9.52222248673e-05,0.0574712643678,-0.00313479623824,-0.00207954250065,0.0220264317181,-0.0109717868339,-0.0841121495327,0.0789473684211,0.0520833333333,0.0176991150442,-0.04,0.0245398773006,0.032967032967,0.016548463357,-0.00164925783397,-0.00216718266254,-0.0037284144427,-0.0114613180516,-0.00375838926174,0.0249110320285,-1.16666666667,0.0438596491228,-0.00212675457252,0.0120481927711,0.047619047619,-0.00387596899225,-0.0128,-0.00695012264922,-0.000520183104453,0.0144927536232,0.0463917525773,-0.0,0.0381355932203,0.0186335403727,0.0205128205128,0.0110192837466,0.0414201183432,-0.166666666667,-0.00271739130435,0.0135135135135
62,-0.0179372197309,0.0111731843575,-0.00180831826401,0.00917431192661,-0.00403225806452,0.00684931506849,0.00613496932515,0.0020480758866,-0.00943396226415,0.014409221902,-0.0,0.00487804878049,0.0242424242424,0.0193548387097,0.018927444795,-0.00101591601761,-0.000842637455235,0.00111720495633,0.0315789473684,0.0150602409639,0.0212765957447,-0.0,-0.00235849056604,-0.00484496124031,0.0076103500761,-0.000197433366239,0.11320754717,0.000471164719186,0.0388349514563,0.00173780560383,0.0172413793103,-0.0025078369906,0.0,0.00881057268722,-0.00156739811912,-0.0934579439252,0.0789473684211,0.0416666666667,0.0309734513274,-0.08,0.00613496932515,0.010989010989,0.0141843971631,0.00131940626718,0.00061919504644,0.000588697017268,0.00573065902579,0.00161073825503,0.017793594306,-0.333333333333,0.0263157894737,0.0131858783496,0.00401606425703,-0.015873015873,0.000861326442722,-0.0096,0.00204415372036,-0.000260091552226,-0.0,-0.0,0.0103359173127,-0.0,0.0248447204969,0.00512820512821,-0.00275482093664,-0.0,-0.0714285714286,-0.00054347826087,0.00900900900901
63,-0.0358744394619,0.0195530726257,-0.0126582278481,0.0550458715596,-0.0241935483871,-0.0342465753425,0.0245398773006,-0.000323380403148,0.0283018867925,0.0230547550432,0.0245098039216,0.0219512195122,0.00606060606061,0.0258064516129,0.0315457413249,-0.000338638672536,-0.000842637455235,-0.000203128173878,0.0473684210526,0.0301204819277,0.0425531914894,0.0754716981132,-0.0188679245283,-0.00678294573643,-0.0106544901065,-0.000592300098717,0.150943396226,6.28219625581e-05,0.0582524271845,0.000214250005951,0.0201149425287,-0.0012539184953,-0.00129971406291,0.0308370044053,-0.00391849529781,-0.0747663551402,0.210526315789,0.0833333333333,0.0265486725664,-0.04,0.021472392638,0.043956043956,0.0189125295508,-0.00087960417812,-0.00185758513932,-0.000981161695447,-0.00214899713467,-0.00134228187919,0.0249110320285,4.33333333333,0.0350877192982,-0.00212675457252,0.0281124497992,-0.015873015873,-0.00430663221361,-0.0096,-0.0028618152085,-0.000104036620891,0.0338164251208,0.020618556701,0.0129198966408,0.0296610169492,-0.0,0.025641025641,0.0247933884298,0.0236686390533,-0.0952380952381,-0.00434782608696,0.0225225225225
64,-0.0224215246637,0.00837988826816,-0.0180831826401,0.0183486238532,-0.0282258064516,-0.027397260274,0.0368098159509,-0.00107793467716,0.0660377358491,0.0172910662824,0.0196078431373,-0.0219512195122,0.0,0.0129032258065,0.018927444795,-0.00440230274297,-0.00105329681904,-0.00101564086939,0.0684210526316,0.0150602409639,0.0283687943262,0.0754716981132,-0.0235849056604,-0.0135658914729,-0.00913242009132,-0.00315893385982,0.0943396226415,-0.000533986681744,0.116504854369,-0.000761777798938,0.0287356321839,-0.00313479623824,-0.000779828437744,0.00881057268722,-0.00626959247649,-0.0654205607477,0.131578947368,0.0416666666667,0.0353982300885,-0.14,0.0337423312883,0.032967032967,0.0212765957447,-0.00131940626718,-0.00216718266254,-0.00313971742543,-0.00716332378223,-0.00322147651007,0.0106761565836,-1.33333333333,-0.0,-0.00340280731604,0.0240963855422,0.031746031746,-0.00301464254953,-0.0128,-0.00531479967294,-0.000780274656679,0.0289855072464,0.0567010309278,0.015503875969,0.0296610169492,0.0372670807453,-0.0,0.0165289256198,0.0295857988166,-0.214285714286,-0.00326086956522,0.018018018018
65,-0.0403587443946,0.0279329608939,-0.0253164556962,0.0825688073394,-0.0403225806452,-0.0753424657534,0.0368098159509,-0.000431173870863,0.0849056603774,0.0201729106628,0.0392156862745,-0.0146341463415,0.0,0.0258064516129,0.0315457413249,-0.00440230274297,-0.00337054982094,-0.00172658947796,0.0842105263158,0.0271084337349,0.0780141843972,0.132075471698,-0.0259433962264,-0.0164728682171,-0.0197869101979,-0.00296150049358,0.22641509434,-0.000910918457093,0.0873786407767,-0.00157116671031,0.0258620689655,-0.00626959247649,-0.00389914218872,0.0352422907489,-0.00705329153605,-0.14953271028,0.236842105263,1.10416666667,0.340707964602,-0.12,0.0337423312883,0.0769230769231,0.0189125295508,-0.00230896096756,-0.00681114551084,-0.00353218210361,-0.00787965616046,-0.00429530201342,0.0355871886121,-2.0,0.0350877192982,-0.00723096554658,0.0361445783133,0.0952380952381,-0.00387596899225,-0.0368,-0.00367947669665,-0.00104036620891,0.0386473429952,0.0463917525773,0.0258397932817,0.0338983050847,0.0807453416149,0.0410256410256,-0.0,0.0473372781065,-0.190476190476,-0.00597826086957,0.0405405405405
66,-0.0313901345291,0.0167597765363,-0.0162748643761,0.045871559633,-0.0483870967742,-0.0342465753425,0.0337423312883,-0.000862347741727,0.0660377358491,0.014409221902,0.0147058823529,-0.0268292682927,0.0,0.00967741935484,0.0157728706625,-0.00711141212326,-0.00294923109332,-0.00132033313021,0.0789473684211,0.0150602409639,0.0354609929078,0.0754716981132,-0.0259433962264,-0.015503875969,-0.00608828006088,-0.00197433366239,0.132075471698,-0.00113079532605,0.135922330097,-0.000928416692456,0.0258620689655,-0.00313479623824,-0.00259942812581,0.0220264317181,-0.0109717868339,-0.158878504673,0.0789473684211,0.0520833333333,0.0265486725664,-0.06,0.0276073619632,0.032967032967,0.0212765957447,-0.00164925783397,-0.00247678018576,-0.00451334379906,-0.00931232091691,-0.00402684563758,0.0106761565836,-1.16666666667,0.0263157894737,-0.00425350914504,0.0321285140562,0.047619047619,-0.0111972437554,-0.008,-0.00858544562551,-0.00254889721182,0.0193236714976,0.0515463917526,0.0180878552972,0.0127118644068,0.0434782608696,0.0205128205128,0.0137741046832,-0.0,-0.0952380952381,-0.00489130434783,0.027027027027
67,-0.0627802690583,0.0111731843575,-0.0253164556962,0.0642201834862,-0.0282258064516,-0.0616438356164,0.0306748466258,-0.000862347741727,0.0471698113208,0.0172910662824,0.0441176470588,-0.0219512195122,0.0181818181818,0.0161290322581,0.018927444795,-0.00778868946834,-0.00463450600379,-0.00223440991265,0.0736842105263,0.00903614457831,0.0567375886525,0.0566037735849,-0.0141509433962,-0.0222868217054,-0.00608828006088,-0.00394866732478,0.0754716981132,-0.00138208317628,0.174757281553,-0.00159497226653,0.0488505747126,-0.00564263322884,-0.00337925656356,0.0176211453744,-0.00783699059561,-0.0747663551402,0.105263157895,0.09375,0.0353982300885,-0.04,0.0306748466258,0.043956043956,0.0236406619385,-0.0018691588785,-0.00526315789474,-0.00510204081633,-0.00787965616046,-0.0048322147651,0.0249110320285,-1.33333333333,0.0263157894737,-0.00340280731604,0.0200803212851,0.047619047619,-0.00732127476314,-0.008,-0.00899427636958,-0.0016125676238,0.0144927536232,0.0515463917526,0.0232558139535,0.0338983050847,0.0186335403727,0.0358974358974,0.0192837465565,0.0295857988166,0.0,-0.00489130434783,0.018018018018
68,0.0448430493274,0.0251396648045,-0.0397830018083,0.0183486238532,0.0403225806452,0.0821917808219,0.0153374233129,0.020480758866,-0.0754716981132,0.028818443804,0.0147058823529,-0.00731707317073,0.0484848484848,0.00322580645161,0.0473186119874,0.0342025059262,0.00273857172951,0.0173674588665,0.0684210526316,0.0180722891566,0.063829787234,0.0188679245283,-0.0400943396226,0.031007751938,0.00913242009132,0.00493583415597,0.22641509434,0.0237152908657,0.116504854369,0.0145213892923,0.0229885057471,-0.00815047021944,0.188978424747,0.0176211453744,0.0101880877743,-0.18691588785,-0.236842105263,0.0520833333333,0.0309734513274,-0.1,0.0122699386503,0.021978021978,0.00472813238771,0.00648708081363,0.00340557275542,0.0104003139717,0.0,0.049932885906,-0.00711743772242,-1.33333333333,0.0175438596491,0.0212675457252,0.0321285140562,0.015873015873,0.00344530577089,0.0064,0.0261651676206,0.0188306283812,0.048309178744,-0.020618556701,0.0103359173127,0.0169491525424,0.0372670807453,0.0153846153846,0.0220385674931,0.0118343195266,0.214285714286,0.0,0.027027027027
69,-0.0179372197309,0.0418994413408,-0.0162748643761,0.0550458715596,0.104838709677,-0.041095890411,0.0153374233129,-0.000215586935432,-0.0,0.0201729106628,0.0245098039216,-0.0146341463415,0.00606060606061,0.0387096774194,0.0410094637224,-0.00169319336268,-0.00105329681904,-0.00091407678245,0.0368421052632,0.0120481927711,0.0283687943262,0.0754716981132,-0.0212264150943,-0.00581395348837,-0.00913242009132,-0.000197433366239,0.22641509434,0.0,0.0873786407767,7.14166686505e-05,0.0258620689655,-0.00501567398119,-0.000779828437744,0.0308370044053,-0.00235109717868,-0.121495327103,0.131578947368,0.0729166666667,0.0398230088496,-0.04,0.0153374233129,0.032967032967,0.016548463357,-0.000549752611325,-0.00123839009288,-0.00196232339089,-0.00573065902579,-0.00187919463087,0.0391459074733,-1.0,0.0350877192982,-0.00340280731604,0.0120481927711,0.0634920634921,-0.00344530577089,-0.008,-0.00367947669665,0.000312109862672,0.0193236714976,0.020618556701,0.0180878552972,0.021186440678,0.0248447204969,0.00512820512821,0.0192837465565,0.0236686390533,-0.0714285714286,-0.00271739130435,-0.0
